{
  "model_name": "IMDB Sentiment Classification - Skills Assessment",
  "algorithm": "Logistic Regression with TF-IDF",
  "best_params": {
    "classifier__C": 2.0,
    "classifier__penalty": "l2"
  },
  "best_cv_f1_score": 0.8884632339558511,
  "validation": {
    "accuracy": 0.8901826942381048,
    "precision": 0.8772269558481797,
    "recall": 0.9078156312625251,
    "f1_score": 0.8922592081938152
  },
  "test": {
    "accuracy": 0.88292,
    "precision": 0.8811211083685007,
    "recall": 0.88528,
    "f1_score": 0.8831956582465381
  }
}